year,month,starthour,season,weekday,trips
2018,Jan,00,Winter,Friday,614
2018,Jan,00,Winter,Monday,634
2018,Jan,00,Winter,Saturday,926
2018,Jan,00,Winter,Sunday,1153
2018,Jan,00,Winter,Thursday,581
2018,Jan,00,Winter,Tuesday,556
2018,Jan,00,Winter,Wednesday,699
2018,Jan,01,Winter,Friday,315
2018,Jan,01,Winter,Monday,408
2018,Jan,01,Winter,Saturday,603
2018,Jan,01,Winter,Sunday,645
2018,Jan,01,Winter,Thursday,265
2018,Jan,01,Winter,Tuesday,225
2018,Jan,01,Winter,Wednesday,292
2018,Jan,02,Winter,Friday,164
2018,Jan,02,Winter,Monday,225
2018,Jan,02,Winter,Saturday,410
2018,Jan,02,Winter,Sunday,389
2018,Jan,02,Winter,Thursday,118
2018,Jan,02,Winter,Tuesday,123
2018,Jan,02,Winter,Wednesday,156
2018,Jan,03,Winter,Friday,94
2018,Jan,03,Winter,Monday,156
2018,Jan,03,Winter,Saturday,205
2018,Jan,03,Winter,Sunday,245
2018,Jan,03,Winter,Thursday,90
2018,Jan,03,Winter,Tuesday,94
2018,Jan,03,Winter,Wednesday,105
2018,Jan,04,Winter,Friday,161
2018,Jan,04,Winter,Monday,212
2018,Jan,04,Winter,Saturday,165
2018,Jan,04,Winter,Sunday,145
2018,Jan,04,Winter,Thursday,167
2018,Jan,04,Winter,Tuesday,205
2018,Jan,04,Winter,Wednesday,204
2018,Jan,05,Winter,Friday,773
2018,Jan,05,Winter,Monday,922
2018,Jan,05,Winter,Saturday,210
2018,Jan,05,Winter,Sunday,106
2018,Jan,05,Winter,Thursday,901
2018,Jan,05,Winter,Tuesday,1271
2018,Jan,05,Winter,Wednesday,1322
2018,Jan,06,Winter,Friday,2640
2018,Jan,06,Winter,Monday,3096
2018,Jan,06,Winter,Saturday,543
2018,Jan,06,Winter,Sunday,269
2018,Jan,06,Winter,Thursday,2946
2018,Jan,06,Winter,Tuesday,3460
2018,Jan,06,Winter,Wednesday,4064
2018,Jan,07,Winter,Friday,5572
2018,Jan,07,Winter,Monday,6615
2018,Jan,07,Winter,Saturday,1199
2018,Jan,07,Winter,Sunday,742
2018,Jan,07,Winter,Thursday,6098
2018,Jan,07,Winter,Tuesday,7294
2018,Jan,07,Winter,Wednesday,8636
2018,Jan,08,Winter,Friday,10017
2018,Jan,08,Winter,Monday,11293
2018,Jan,08,Winter,Saturday,2555
2018,Jan,08,Winter,Sunday,1445
2018,Jan,08,Winter,Thursday,10833
2018,Jan,08,Winter,Tuesday,12758
2018,Jan,08,Winter,Wednesday,15140
2018,Jan,09,Winter,Friday,7354
2018,Jan,09,Winter,Monday,8299
2018,Jan,09,Winter,Saturday,4147
2018,Jan,09,Winter,Sunday,2548
2018,Jan,09,Winter,Thursday,7434
2018,Jan,09,Winter,Tuesday,8651
2018,Jan,09,Winter,Wednesday,10659
2018,Jan,10,Winter,Friday,3896
2018,Jan,10,Winter,Monday,4595
2018,Jan,10,Winter,Saturday,5407
2018,Jan,10,Winter,Sunday,3746
2018,Jan,10,Winter,Thursday,3748
2018,Jan,10,Winter,Tuesday,4789
2018,Jan,10,Winter,Wednesday,5478
2018,Jan,11,Winter,Friday,3580
2018,Jan,11,Winter,Monday,4487
2018,Jan,11,Winter,Saturday,6672
2018,Jan,11,Winter,Sunday,4428
2018,Jan,11,Winter,Thursday,3273
2018,Jan,11,Winter,Tuesday,4360
2018,Jan,11,Winter,Wednesday,4728
2018,Jan,12,Winter,Friday,4021
2018,Jan,12,Winter,Monday,5171
2018,Jan,12,Winter,Saturday,7464
2018,Jan,12,Winter,Sunday,5023
2018,Jan,12,Winter,Thursday,3779
2018,Jan,12,Winter,Tuesday,5130
2018,Jan,12,Winter,Wednesday,5595
2018,Jan,13,Winter,Friday,4060
2018,Jan,13,Winter,Monday,5476
2018,Jan,13,Winter,Saturday,8052
2018,Jan,13,Winter,Sunday,5911
2018,Jan,13,Winter,Thursday,3978
2018,Jan,13,Winter,Tuesday,5899
2018,Jan,13,Winter,Wednesday,5933
2018,Jan,14,Winter,Friday,4188
2018,Jan,14,Winter,Monday,5866
2018,Jan,14,Winter,Saturday,8150
2018,Jan,14,Winter,Sunday,6289
2018,Jan,14,Winter,Thursday,4499
2018,Jan,14,Winter,Tuesday,6730
2018,Jan,14,Winter,Wednesday,6587
2018,Jan,15,Winter,Friday,4799
2018,Jan,15,Winter,Monday,6361
2018,Jan,15,Winter,Saturday,7867
2018,Jan,15,Winter,Sunday,6513
2018,Jan,15,Winter,Thursday,4811
2018,Jan,15,Winter,Tuesday,7441
2018,Jan,15,Winter,Wednesday,7177
2018,Jan,16,Winter,Friday,6816
2018,Jan,16,Winter,Monday,7310
2018,Jan,16,Winter,Saturday,7249
2018,Jan,16,Winter,Sunday,6200
2018,Jan,16,Winter,Thursday,6002
2018,Jan,16,Winter,Tuesday,9124
2018,Jan,16,Winter,Wednesday,9218
2018,Jan,17,Winter,Friday,10009
2018,Jan,17,Winter,Monday,11138
2018,Jan,17,Winter,Saturday,5802
2018,Jan,17,Winter,Sunday,5075
2018,Jan,17,Winter,Thursday,9751
2018,Jan,17,Winter,Tuesday,14895
2018,Jan,17,Winter,Wednesday,14730
2018,Jan,18,Winter,Friday,8561
2018,Jan,18,Winter,Monday,11376
2018,Jan,18,Winter,Saturday,4773
2018,Jan,18,Winter,Sunday,4565
2018,Jan,18,Winter,Thursday,9295
2018,Jan,18,Winter,Tuesday,14594
2018,Jan,18,Winter,Wednesday,14394
2018,Jan,19,Winter,Friday,4882
2018,Jan,19,Winter,Monday,7507
2018,Jan,19,Winter,Saturday,3939
2018,Jan,19,Winter,Sunday,3387
2018,Jan,19,Winter,Thursday,6093
2018,Jan,19,Winter,Tuesday,9346
2018,Jan,19,Winter,Wednesday,9365
2018,Jan,20,Winter,Friday,3316
2018,Jan,20,Winter,Monday,4926
2018,Jan,20,Winter,Saturday,2879
2018,Jan,20,Winter,Sunday,2621
2018,Jan,20,Winter,Thursday,4018
2018,Jan,20,Winter,Tuesday,5933
2018,Jan,20,Winter,Wednesday,5900
2018,Jan,21,Winter,Friday,2084
2018,Jan,21,Winter,Monday,3128
2018,Jan,21,Winter,Saturday,2210
2018,Jan,21,Winter,Sunday,2116
2018,Jan,21,Winter,Thursday,2703
2018,Jan,21,Winter,Tuesday,3946
2018,Jan,21,Winter,Wednesday,4127
2018,Jan,22,Winter,Friday,1643
2018,Jan,22,Winter,Monday,2248
2018,Jan,22,Winter,Saturday,1953
2018,Jan,22,Winter,Sunday,1525
2018,Jan,22,Winter,Thursday,2069
2018,Jan,22,Winter,Tuesday,2747
2018,Jan,22,Winter,Wednesday,2825
2018,Jan,23,Winter,Friday,1265
2018,Jan,23,Winter,Monday,1173
2018,Jan,23,Winter,Saturday,1533
2018,Jan,23,Winter,Sunday,962
2018,Jan,23,Winter,Thursday,1240
2018,Jan,23,Winter,Tuesday,1409
2018,Jan,23,Winter,Wednesday,1581
2018,Feb,00,Winter,Friday,767
2018,Feb,00,Winter,Monday,724
2018,Feb,00,Winter,Saturday,1206
2018,Feb,00,Winter,Sunday,838
2018,Feb,00,Winter,Thursday,802
2018,Feb,00,Winter,Tuesday,658
2018,Feb,00,Winter,Wednesday,923
2018,Feb,01,Winter,Friday,369
2018,Feb,01,Winter,Monday,339
2018,Feb,01,Winter,Saturday,773
2018,Feb,01,Winter,Sunday,601
2018,Feb,01,Winter,Thursday,414
2018,Feb,01,Winter,Tuesday,300
2018,Feb,01,Winter,Wednesday,420
2018,Feb,02,Winter,Friday,187
2018,Feb,02,Winter,Monday,172
2018,Feb,02,Winter,Saturday,474
2018,Feb,02,Winter,Sunday,398
2018,Feb,02,Winter,Thursday,191
2018,Feb,02,Winter,Tuesday,143
2018,Feb,02,Winter,Wednesday,245
2018,Feb,03,Winter,Friday,152
2018,Feb,03,Winter,Monday,140
2018,Feb,03,Winter,Saturday,326
2018,Feb,03,Winter,Sunday,247
2018,Feb,03,Winter,Thursday,129
2018,Feb,03,Winter,Tuesday,94
2018,Feb,03,Winter,Wednesday,127
2018,Feb,04,Winter,Friday,198
2018,Feb,04,Winter,Monday,184
2018,Feb,04,Winter,Saturday,215
2018,Feb,04,Winter,Sunday,110
2018,Feb,04,Winter,Thursday,191
2018,Feb,04,Winter,Tuesday,215
2018,Feb,04,Winter,Wednesday,209
2018,Feb,05,Winter,Friday,1046
2018,Feb,05,Winter,Monday,1090
2018,Feb,05,Winter,Saturday,265
2018,Feb,05,Winter,Sunday,107
2018,Feb,05,Winter,Thursday,1257
2018,Feb,05,Winter,Tuesday,1306
2018,Feb,05,Winter,Wednesday,1392
2018,Feb,06,Winter,Friday,3402
2018,Feb,06,Winter,Monday,3639
2018,Feb,06,Winter,Saturday,707
2018,Feb,06,Winter,Sunday,223
2018,Feb,06,Winter,Thursday,4316
2018,Feb,06,Winter,Tuesday,4613
2018,Feb,06,Winter,Wednesday,4920
2018,Feb,07,Winter,Friday,6868
2018,Feb,07,Winter,Monday,7816
2018,Feb,07,Winter,Saturday,1670
2018,Feb,07,Winter,Sunday,633
2018,Feb,07,Winter,Thursday,8732
2018,Feb,07,Winter,Tuesday,10000
2018,Feb,07,Winter,Wednesday,10565
2018,Feb,08,Winter,Friday,12747
2018,Feb,08,Winter,Monday,12924
2018,Feb,08,Winter,Saturday,3344
2018,Feb,08,Winter,Sunday,1482
2018,Feb,08,Winter,Thursday,16130
2018,Feb,08,Winter,Tuesday,17229
2018,Feb,08,Winter,Wednesday,17299
2018,Feb,09,Winter,Friday,9715
2018,Feb,09,Winter,Monday,9129
2018,Feb,09,Winter,Saturday,5367
2018,Feb,09,Winter,Sunday,2324
2018,Feb,09,Winter,Thursday,11206
2018,Feb,09,Winter,Tuesday,11590
2018,Feb,09,Winter,Wednesday,11167
2018,Feb,10,Winter,Friday,5205
2018,Feb,10,Winter,Monday,5434
2018,Feb,10,Winter,Saturday,6930
2018,Feb,10,Winter,Sunday,3417
2018,Feb,10,Winter,Thursday,5902
2018,Feb,10,Winter,Tuesday,5979
2018,Feb,10,Winter,Wednesday,5977
2018,Feb,11,Winter,Friday,4948
2018,Feb,11,Winter,Monday,5475
2018,Feb,11,Winter,Saturday,8287
2018,Feb,11,Winter,Sunday,4234
2018,Feb,11,Winter,Thursday,5467
2018,Feb,11,Winter,Tuesday,5581
2018,Feb,11,Winter,Wednesday,5576
2018,Feb,12,Winter,Friday,5789
2018,Feb,12,Winter,Monday,6413
2018,Feb,12,Winter,Saturday,8224
2018,Feb,12,Winter,Sunday,4713
2018,Feb,12,Winter,Thursday,6547
2018,Feb,12,Winter,Tuesday,6804
2018,Feb,12,Winter,Wednesday,6779
2018,Feb,13,Winter,Friday,5993
2018,Feb,13,Winter,Monday,6614
2018,Feb,13,Winter,Saturday,7340
2018,Feb,13,Winter,Sunday,4753
2018,Feb,13,Winter,Thursday,6047
2018,Feb,13,Winter,Tuesday,7321
2018,Feb,13,Winter,Wednesday,7225
2018,Feb,14,Winter,Friday,5721
2018,Feb,14,Winter,Monday,7000
2018,Feb,14,Winter,Saturday,6419
2018,Feb,14,Winter,Sunday,5185
2018,Feb,14,Winter,Thursday,6185
2018,Feb,14,Winter,Tuesday,7697
2018,Feb,14,Winter,Wednesday,7591
2018,Feb,15,Winter,Friday,5557
2018,Feb,15,Winter,Monday,7520
2018,Feb,15,Winter,Saturday,4889
2018,Feb,15,Winter,Sunday,5589
2018,Feb,15,Winter,Thursday,6674
2018,Feb,15,Winter,Tuesday,8471
2018,Feb,15,Winter,Wednesday,8361
2018,Feb,16,Winter,Friday,6749
2018,Feb,16,Winter,Monday,9137
2018,Feb,16,Winter,Saturday,5342
2018,Feb,16,Winter,Sunday,5647
2018,Feb,16,Winter,Thursday,7979
2018,Feb,16,Winter,Tuesday,10794
2018,Feb,16,Winter,Wednesday,10554
2018,Feb,17,Winter,Friday,10585
2018,Feb,17,Winter,Monday,13745
2018,Feb,17,Winter,Saturday,4738
2018,Feb,17,Winter,Sunday,4804
2018,Feb,17,Winter,Thursday,13088
2018,Feb,17,Winter,Tuesday,17715
2018,Feb,17,Winter,Wednesday,17347
2018,Feb,18,Winter,Friday,9323
2018,Feb,18,Winter,Monday,12982
2018,Feb,18,Winter,Saturday,3630
2018,Feb,18,Winter,Sunday,4182
2018,Feb,18,Winter,Thursday,13293
2018,Feb,18,Winter,Tuesday,16937
2018,Feb,18,Winter,Wednesday,15545
2018,Feb,19,Winter,Friday,6360
2018,Feb,19,Winter,Monday,8436
2018,Feb,19,Winter,Saturday,2523
2018,Feb,19,Winter,Sunday,3270
2018,Feb,19,Winter,Thursday,9256
2018,Feb,19,Winter,Tuesday,10981
2018,Feb,19,Winter,Wednesday,10464
2018,Feb,20,Winter,Friday,4183
2018,Feb,20,Winter,Monday,5538
2018,Feb,20,Winter,Saturday,1839
2018,Feb,20,Winter,Sunday,2512
2018,Feb,20,Winter,Thursday,6322
2018,Feb,20,Winter,Tuesday,7277
2018,Feb,20,Winter,Wednesday,6625
2018,Feb,21,Winter,Friday,2866
2018,Feb,21,Winter,Monday,3951
2018,Feb,21,Winter,Saturday,1287
2018,Feb,21,Winter,Sunday,2071
2018,Feb,21,Winter,Thursday,4133
2018,Feb,21,Winter,Tuesday,5166
2018,Feb,21,Winter,Wednesday,4343
2018,Feb,22,Winter,Friday,2229
2018,Feb,22,Winter,Monday,2622
2018,Feb,22,Winter,Saturday,1293
2018,Feb,22,Winter,Sunday,1818
2018,Feb,22,Winter,Thursday,2627
2018,Feb,22,Winter,Tuesday,3450
2018,Feb,22,Winter,Wednesday,3225
2018,Feb,23,Winter,Friday,1746
2018,Feb,23,Winter,Monday,1430
2018,Feb,23,Winter,Saturday,1092
2018,Feb,23,Winter,Sunday,1298
2018,Feb,23,Winter,Thursday,1440
2018,Feb,23,Winter,Tuesday,1966
2018,Feb,23,Winter,Wednesday,1825
2018,Mar,00,Spring,Friday,1116
2018,Mar,00,Spring,Monday,735
2018,Mar,00,Spring,Saturday,1612
2018,Mar,00,Spring,Sunday,1475
2018,Mar,00,Spring,Thursday,860
2018,Mar,00,Spring,Tuesday,641
2018,Mar,00,Spring,Wednesday,780
2018,Mar,01,Spring,Friday,619
2018,Mar,01,Spring,Monday,356
2018,Mar,01,Spring,Saturday,996
2018,Mar,01,Spring,Sunday,968
2018,Mar,01,Spring,Thursday,422
2018,Mar,01,Spring,Tuesday,297
2018,Mar,01,Spring,Wednesday,329
2018,Mar,02,Spring,Friday,301
2018,Mar,02,Spring,Monday,218
2018,Mar,02,Spring,Saturday,586
2018,Mar,02,Spring,Sunday,494
2018,Mar,02,Spring,Thursday,233
2018,Mar,02,Spring,Tuesday,168
2018,Mar,02,Spring,Wednesday,150
2018,Mar,03,Spring,Friday,181
2018,Mar,03,Spring,Monday,137
2018,Mar,03,Spring,Saturday,384
2018,Mar,03,Spring,Sunday,454
2018,Mar,03,Spring,Thursday,147
2018,Mar,03,Spring,Tuesday,124
2018,Mar,03,Spring,Wednesday,128
2018,Mar,04,Spring,Friday,225
2018,Mar,04,Spring,Monday,209
2018,Mar,04,Spring,Saturday,284
2018,Mar,04,Spring,Sunday,298
2018,Mar,04,Spring,Thursday,212
2018,Mar,04,Spring,Tuesday,215
2018,Mar,04,Spring,Wednesday,214
2018,Mar,05,Spring,Friday,1133
2018,Mar,05,Spring,Monday,1272
2018,Mar,05,Spring,Saturday,292
2018,Mar,05,Spring,Sunday,270
2018,Mar,05,Spring,Thursday,1199
2018,Mar,05,Spring,Tuesday,1177
2018,Mar,05,Spring,Wednesday,906
2018,Mar,06,Spring,Friday,3704
2018,Mar,06,Spring,Monday,4255
2018,Mar,06,Spring,Saturday,883
2018,Mar,06,Spring,Sunday,508
2018,Mar,06,Spring,Thursday,4543
2018,Mar,06,Spring,Tuesday,4019
2018,Mar,06,Spring,Wednesday,2970
2018,Mar,07,Spring,Friday,7687
2018,Mar,07,Spring,Monday,8901
2018,Mar,07,Spring,Saturday,2228
2018,Mar,07,Spring,Sunday,1273
2018,Mar,07,Spring,Thursday,9595
2018,Mar,07,Spring,Tuesday,8367
2018,Mar,07,Spring,Wednesday,5934
2018,Mar,08,Spring,Friday,14968
2018,Mar,08,Spring,Monday,16091
2018,Mar,08,Spring,Saturday,4452
2018,Mar,08,Spring,Sunday,2541
2018,Mar,08,Spring,Thursday,17656
2018,Mar,08,Spring,Tuesday,15615
2018,Mar,08,Spring,Wednesday,11152
2018,Mar,09,Spring,Friday,11926
2018,Mar,09,Spring,Monday,11058
2018,Mar,09,Spring,Saturday,7260
2018,Mar,09,Spring,Sunday,4313
2018,Mar,09,Spring,Thursday,12354
2018,Mar,09,Spring,Tuesday,10756
2018,Mar,09,Spring,Wednesday,7595
2018,Mar,10,Spring,Friday,6874
2018,Mar,10,Spring,Monday,5720
2018,Mar,10,Spring,Saturday,9706
2018,Mar,10,Spring,Sunday,6100
2018,Mar,10,Spring,Thursday,6687
2018,Mar,10,Spring,Tuesday,5434
2018,Mar,10,Spring,Wednesday,3863
2018,Mar,11,Spring,Friday,6836
2018,Mar,11,Spring,Monday,5256
2018,Mar,11,Spring,Saturday,12184
2018,Mar,11,Spring,Sunday,7609
2018,Mar,11,Spring,Thursday,6605
2018,Mar,11,Spring,Tuesday,4924
2018,Mar,11,Spring,Wednesday,3448
2018,Mar,12,Spring,Friday,7963
2018,Mar,12,Spring,Monday,6531
2018,Mar,12,Spring,Saturday,13947
2018,Mar,12,Spring,Sunday,8709
2018,Mar,12,Spring,Thursday,8111
2018,Mar,12,Spring,Tuesday,5734
2018,Mar,12,Spring,Wednesday,4015
2018,Mar,13,Spring,Friday,8273
2018,Mar,13,Spring,Monday,6656
2018,Mar,13,Spring,Saturday,14633
2018,Mar,13,Spring,Sunday,9124
2018,Mar,13,Spring,Thursday,8477
2018,Mar,13,Spring,Tuesday,6045
2018,Mar,13,Spring,Wednesday,3758
2018,Mar,14,Spring,Friday,9122
2018,Mar,14,Spring,Monday,7058
2018,Mar,14,Spring,Saturday,14776
2018,Mar,14,Spring,Sunday,9028
2018,Mar,14,Spring,Thursday,9170
2018,Mar,14,Spring,Tuesday,6518
2018,Mar,14,Spring,Wednesday,3884
2018,Mar,15,Spring,Friday,9692
2018,Mar,15,Spring,Monday,7826
2018,Mar,15,Spring,Saturday,14690
2018,Mar,15,Spring,Sunday,9234
2018,Mar,15,Spring,Thursday,10106
2018,Mar,15,Spring,Tuesday,7350
2018,Mar,15,Spring,Wednesday,4260
2018,Mar,16,Spring,Friday,10081
2018,Mar,16,Spring,Monday,10271
2018,Mar,16,Spring,Saturday,13950
2018,Mar,16,Spring,Sunday,9275
2018,Mar,16,Spring,Thursday,13080
2018,Mar,16,Spring,Tuesday,9482
2018,Mar,16,Spring,Wednesday,5244
2018,Mar,17,Spring,Friday,13812
2018,Mar,17,Spring,Monday,17246
2018,Mar,17,Spring,Saturday,12300
2018,Mar,17,Spring,Sunday,8765
2018,Mar,17,Spring,Thursday,20535
2018,Mar,17,Spring,Tuesday,15364
2018,Mar,17,Spring,Wednesday,8715
2018,Mar,18,Spring,Friday,12418
2018,Mar,18,Spring,Monday,17143
2018,Mar,18,Spring,Saturday,10300
2018,Mar,18,Spring,Sunday,7760
2018,Mar,18,Spring,Thursday,19902
2018,Mar,18,Spring,Tuesday,15365
2018,Mar,18,Spring,Wednesday,8631
2018,Mar,19,Spring,Friday,8505
2018,Mar,19,Spring,Monday,10764
2018,Mar,19,Spring,Saturday,7690
2018,Mar,19,Spring,Sunday,5571
2018,Mar,19,Spring,Thursday,12496
2018,Mar,19,Spring,Tuesday,9864
2018,Mar,19,Spring,Wednesday,5417
2018,Mar,20,Spring,Friday,5387
2018,Mar,20,Spring,Monday,6697
2018,Mar,20,Spring,Saturday,4971
2018,Mar,20,Spring,Sunday,3738
2018,Mar,20,Spring,Thursday,7518
2018,Mar,20,Spring,Tuesday,6386
2018,Mar,20,Spring,Wednesday,3390
2018,Mar,21,Spring,Friday,3827
2018,Mar,21,Spring,Monday,4304
2018,Mar,21,Spring,Saturday,3809
2018,Mar,21,Spring,Sunday,2807
2018,Mar,21,Spring,Thursday,4697
2018,Mar,21,Spring,Tuesday,4384
2018,Mar,21,Spring,Wednesday,2340
2018,Mar,22,Spring,Friday,3001
2018,Mar,22,Spring,Monday,2618
2018,Mar,22,Spring,Saturday,3144
2018,Mar,22,Spring,Sunday,1998
2018,Mar,22,Spring,Thursday,3455
2018,Mar,22,Spring,Tuesday,2873
2018,Mar,22,Spring,Wednesday,1721
2018,Mar,23,Spring,Friday,2352
2018,Mar,23,Spring,Monday,1365
2018,Mar,23,Spring,Saturday,2595
2018,Mar,23,Spring,Sunday,1267
2018,Mar,23,Spring,Thursday,2119
2018,Mar,23,Spring,Tuesday,1610
2018,Mar,23,Spring,Wednesday,996
2018,Apr,00,Spring,Friday,1563
2018,Apr,00,Spring,Monday,886
2018,Apr,00,Spring,Saturday,2404
2018,Apr,00,Spring,Sunday,2146
2018,Apr,00,Spring,Thursday,983
2018,Apr,00,Spring,Tuesday,923
2018,Apr,00,Spring,Wednesday,823
2018,Apr,01,Spring,Friday,809
2018,Apr,01,Spring,Monday,452
2018,Apr,01,Spring,Saturday,1509
2018,Apr,01,Spring,Sunday,1427
2018,Apr,01,Spring,Thursday,448
2018,Apr,01,Spring,Tuesday,481
2018,Apr,01,Spring,Wednesday,361
2018,Apr,02,Spring,Friday,408
2018,Apr,02,Spring,Monday,238
2018,Apr,02,Spring,Saturday,864
2018,Apr,02,Spring,Sunday,789
2018,Apr,02,Spring,Thursday,296
2018,Apr,02,Spring,Tuesday,251
2018,Apr,02,Spring,Wednesday,255
2018,Apr,03,Spring,Friday,245
2018,Apr,03,Spring,Monday,131
2018,Apr,03,Spring,Saturday,474
2018,Apr,03,Spring,Sunday,506
2018,Apr,03,Spring,Thursday,171
2018,Apr,03,Spring,Tuesday,150
2018,Apr,03,Spring,Wednesday,133
2018,Apr,04,Spring,Friday,289
2018,Apr,04,Spring,Monday,219
2018,Apr,04,Spring,Saturday,343
2018,Apr,04,Spring,Sunday,346
2018,Apr,04,Spring,Thursday,226
2018,Apr,04,Spring,Tuesday,264
2018,Apr,04,Spring,Wednesday,194
2018,Apr,05,Spring,Friday,1435
2018,Apr,05,Spring,Monday,1276
2018,Apr,05,Spring,Saturday,377
2018,Apr,05,Spring,Sunday,274
2018,Apr,05,Spring,Thursday,1395
2018,Apr,05,Spring,Tuesday,1441
2018,Apr,05,Spring,Wednesday,1215
2018,Apr,06,Spring,Friday,4949
2018,Apr,06,Spring,Monday,4260
2018,Apr,06,Spring,Saturday,1146
2018,Apr,06,Spring,Sunday,688
2018,Apr,06,Spring,Thursday,4855
2018,Apr,06,Spring,Tuesday,5270
2018,Apr,06,Spring,Wednesday,3889
2018,Apr,07,Spring,Friday,10436
2018,Apr,07,Spring,Monday,9301
2018,Apr,07,Spring,Saturday,2799
2018,Apr,07,Spring,Sunday,2018
2018,Apr,07,Spring,Thursday,10725
2018,Apr,07,Spring,Tuesday,11205
2018,Apr,07,Spring,Wednesday,7997
2018,Apr,08,Spring,Friday,14409
2018,Apr,08,Spring,Monday,16083
2018,Apr,08,Spring,Saturday,5479
2018,Apr,08,Spring,Sunday,4318
2018,Apr,08,Spring,Thursday,20222
2018,Apr,08,Spring,Tuesday,19859
2018,Apr,08,Spring,Wednesday,14951
2018,Apr,09,Spring,Friday,10417
2018,Apr,09,Spring,Monday,11206
2018,Apr,09,Spring,Saturday,9185
2018,Apr,09,Spring,Sunday,7494
2018,Apr,09,Spring,Thursday,15030
2018,Apr,09,Spring,Tuesday,14237
2018,Apr,09,Spring,Wednesday,12380
2018,Apr,10,Spring,Friday,6671
2018,Apr,10,Spring,Monday,6286
2018,Apr,10,Spring,Saturday,12473
2018,Apr,10,Spring,Sunday,11238
2018,Apr,10,Spring,Thursday,8286
2018,Apr,10,Spring,Tuesday,7577
2018,Apr,10,Spring,Wednesday,6845
2018,Apr,11,Spring,Friday,6473
2018,Apr,11,Spring,Monday,6097
2018,Apr,11,Spring,Saturday,15932
2018,Apr,11,Spring,Sunday,14194
2018,Apr,11,Spring,Thursday,7469
2018,Apr,11,Spring,Tuesday,6450
2018,Apr,11,Spring,Wednesday,6330
2018,Apr,12,Spring,Friday,8576
2018,Apr,12,Spring,Monday,7811
2018,Apr,12,Spring,Saturday,19051
2018,Apr,12,Spring,Sunday,16479
2018,Apr,12,Spring,Thursday,8968
2018,Apr,12,Spring,Tuesday,6948
2018,Apr,12,Spring,Wednesday,7308
2018,Apr,13,Spring,Friday,9666
2018,Apr,13,Spring,Monday,8553
2018,Apr,13,Spring,Saturday,20598
2018,Apr,13,Spring,Sunday,17553
2018,Apr,13,Spring,Thursday,8570
2018,Apr,13,Spring,Tuesday,7079
2018,Apr,13,Spring,Wednesday,6545
2018,Apr,14,Spring,Friday,10594
2018,Apr,14,Spring,Monday,9413
2018,Apr,14,Spring,Saturday,21160
2018,Apr,14,Spring,Sunday,17875
2018,Apr,14,Spring,Thursday,8406
2018,Apr,14,Spring,Tuesday,7359
2018,Apr,14,Spring,Wednesday,7086
2018,Apr,15,Spring,Friday,11408
2018,Apr,15,Spring,Monday,10380
2018,Apr,15,Spring,Saturday,21058
2018,Apr,15,Spring,Sunday,17360
2018,Apr,15,Spring,Thursday,9680
2018,Apr,15,Spring,Tuesday,7942
2018,Apr,15,Spring,Wednesday,8154
2018,Apr,16,Spring,Friday,14907
2018,Apr,16,Spring,Monday,13489
2018,Apr,16,Spring,Saturday,20448
2018,Apr,16,Spring,Sunday,16922
2018,Apr,16,Spring,Thursday,12726
2018,Apr,16,Spring,Tuesday,10413
2018,Apr,16,Spring,Wednesday,10730
2018,Apr,17,Spring,Friday,21059
2018,Apr,17,Spring,Monday,21905
2018,Apr,17,Spring,Saturday,18382
2018,Apr,17,Spring,Sunday,14702
2018,Apr,17,Spring,Thursday,20940
2018,Apr,17,Spring,Tuesday,17419
2018,Apr,17,Spring,Wednesday,19230
2018,Apr,18,Spring,Friday,18484
2018,Apr,18,Spring,Monday,22191
2018,Apr,18,Spring,Saturday,15395
2018,Apr,18,Spring,Sunday,12107
2018,Apr,18,Spring,Thursday,21596
2018,Apr,18,Spring,Tuesday,17953
2018,Apr,18,Spring,Wednesday,19861
2018,Apr,19,Spring,Friday,12162
2018,Apr,19,Spring,Monday,14926
2018,Apr,19,Spring,Saturday,10702
2018,Apr,19,Spring,Sunday,8714
2018,Apr,19,Spring,Thursday,14226
2018,Apr,19,Spring,Tuesday,11657
2018,Apr,19,Spring,Wednesday,12819
2018,Apr,20,Spring,Friday,7376
2018,Apr,20,Spring,Monday,9590
2018,Apr,20,Spring,Saturday,6103
2018,Apr,20,Spring,Sunday,5465
2018,Apr,20,Spring,Thursday,8685
2018,Apr,20,Spring,Tuesday,7559
2018,Apr,20,Spring,Wednesday,8185
2018,Apr,21,Spring,Friday,5271
2018,Apr,21,Spring,Monday,6451
2018,Apr,21,Spring,Saturday,4351
2018,Apr,21,Spring,Sunday,3949
2018,Apr,21,Spring,Thursday,6128
2018,Apr,21,Spring,Tuesday,5064
2018,Apr,21,Spring,Wednesday,5719
2018,Apr,22,Spring,Friday,4321
2018,Apr,22,Spring,Monday,4122
2018,Apr,22,Spring,Saturday,3283
2018,Apr,22,Spring,Sunday,2759
2018,Apr,22,Spring,Thursday,4432
2018,Apr,22,Spring,Tuesday,3107
2018,Apr,22,Spring,Wednesday,4198
2018,Apr,23,Spring,Friday,3412
2018,Apr,23,Spring,Monday,2437
2018,Apr,23,Spring,Saturday,2670
2018,Apr,23,Spring,Sunday,1797
2018,Apr,23,Spring,Thursday,2894
2018,Apr,23,Spring,Tuesday,1540
2018,Apr,23,Spring,Wednesday,2481
2018,May,00,Spring,Friday,2183
2018,May,00,Spring,Monday,1451
2018,May,00,Spring,Saturday,3161
2018,May,00,Spring,Sunday,2764
2018,May,00,Spring,Thursday,2238
2018,May,00,Spring,Tuesday,1706
2018,May,00,Spring,Wednesday,2205
2018,May,01,Spring,Friday,1205
2018,May,01,Spring,Monday,775
2018,May,01,Spring,Saturday,2005
2018,May,01,Spring,Sunday,1780
2018,May,01,Spring,Thursday,1031
2018,May,01,Spring,Tuesday,874
2018,May,01,Spring,Wednesday,1124
2018,May,02,Spring,Friday,689
2018,May,02,Spring,Monday,453
2018,May,02,Spring,Saturday,1186
2018,May,02,Spring,Sunday,1272
2018,May,02,Spring,Thursday,572
2018,May,02,Spring,Tuesday,456
2018,May,02,Spring,Wednesday,528
2018,May,03,Spring,Friday,362
2018,May,03,Spring,Monday,303
2018,May,03,Spring,Saturday,751
2018,May,03,Spring,Sunday,730
2018,May,03,Spring,Thursday,335
2018,May,03,Spring,Tuesday,288
2018,May,03,Spring,Wednesday,255
2018,May,04,Spring,Friday,426
2018,May,04,Spring,Monday,358
2018,May,04,Spring,Saturday,482
2018,May,04,Spring,Sunday,488
2018,May,04,Spring,Thursday,483
2018,May,04,Spring,Tuesday,486
2018,May,04,Spring,Wednesday,449
2018,May,05,Spring,Friday,1922
2018,May,05,Spring,Monday,1548
2018,May,05,Spring,Saturday,476
2018,May,05,Spring,Sunday,357
2018,May,05,Spring,Thursday,2148
2018,May,05,Spring,Tuesday,2674
2018,May,05,Spring,Wednesday,2485
2018,May,06,Spring,Friday,6642
2018,May,06,Spring,Monday,5273
2018,May,06,Spring,Saturday,1103
2018,May,06,Spring,Sunday,777
2018,May,06,Spring,Thursday,7908
2018,May,06,Spring,Tuesday,9656
2018,May,06,Spring,Wednesday,9695
2018,May,07,Spring,Friday,14577
2018,May,07,Spring,Monday,11507
2018,May,07,Spring,Saturday,2384
2018,May,07,Spring,Sunday,1690
2018,May,07,Spring,Thursday,17127
2018,May,07,Spring,Tuesday,20997
2018,May,07,Spring,Wednesday,20905
2018,May,08,Spring,Friday,25178
2018,May,08,Spring,Monday,19821
2018,May,08,Spring,Saturday,4639
2018,May,08,Spring,Sunday,3361
2018,May,08,Spring,Thursday,30316
2018,May,08,Spring,Tuesday,34951
2018,May,08,Spring,Wednesday,35067
2018,May,09,Spring,Friday,18488
2018,May,09,Spring,Monday,14906
2018,May,09,Spring,Saturday,7779
2018,May,09,Spring,Sunday,5857
2018,May,09,Spring,Thursday,22166
2018,May,09,Spring,Tuesday,22712
2018,May,09,Spring,Wednesday,23305
2018,May,10,Spring,Friday,11785
2018,May,10,Spring,Monday,9995
2018,May,10,Spring,Saturday,9404
2018,May,10,Spring,Sunday,9077
2018,May,10,Spring,Thursday,12003
2018,May,10,Spring,Tuesday,12649
2018,May,10,Spring,Wednesday,12646
2018,May,11,Spring,Friday,12294
2018,May,11,Spring,Monday,10969
2018,May,11,Spring,Saturday,11551
2018,May,11,Spring,Sunday,11001
2018,May,11,Spring,Thursday,10739
2018,May,11,Spring,Tuesday,13241
2018,May,11,Spring,Wednesday,12283
2018,May,12,Spring,Friday,14245
2018,May,12,Spring,Monday,12656
2018,May,12,Spring,Saturday,12815
2018,May,12,Spring,Sunday,11751
2018,May,12,Spring,Thursday,12496
2018,May,12,Spring,Tuesday,15145
2018,May,12,Spring,Wednesday,14084
2018,May,13,Spring,Friday,15017
2018,May,13,Spring,Monday,13652
2018,May,13,Spring,Saturday,13854
2018,May,13,Spring,Sunday,11911
2018,May,13,Spring,Thursday,13056
2018,May,13,Spring,Tuesday,15364
2018,May,13,Spring,Wednesday,14161
2018,May,14,Spring,Friday,16632
2018,May,14,Spring,Monday,14432
2018,May,14,Spring,Saturday,14309
2018,May,14,Spring,Sunday,11978
2018,May,14,Spring,Thursday,14451
2018,May,14,Spring,Tuesday,14854
2018,May,14,Spring,Wednesday,15076
2018,May,15,Spring,Friday,17420
2018,May,15,Spring,Monday,15688
2018,May,15,Spring,Saturday,14423
2018,May,15,Spring,Sunday,13308
2018,May,15,Spring,Thursday,16705
2018,May,15,Spring,Tuesday,14939
2018,May,15,Spring,Wednesday,16283
2018,May,16,Spring,Friday,21886
2018,May,16,Spring,Monday,18742
2018,May,16,Spring,Saturday,14504
2018,May,16,Spring,Sunday,13788
2018,May,16,Spring,Thursday,21579
2018,May,16,Spring,Tuesday,19773
2018,May,16,Spring,Wednesday,20418
2018,May,17,Spring,Friday,28047
2018,May,17,Spring,Monday,27885
2018,May,17,Spring,Saturday,13550
2018,May,17,Spring,Sunday,13539
2018,May,17,Spring,Thursday,35343
2018,May,17,Spring,Tuesday,29436
2018,May,17,Spring,Wednesday,33955
2018,May,18,Spring,Friday,24124
2018,May,18,Spring,Monday,27301
2018,May,18,Spring,Saturday,10643
2018,May,18,Spring,Sunday,12809
2018,May,18,Spring,Thursday,35766
2018,May,18,Spring,Tuesday,29488
2018,May,18,Spring,Wednesday,34992
2018,May,19,Spring,Friday,16776
2018,May,19,Spring,Monday,18620
2018,May,19,Spring,Saturday,8870
2018,May,19,Spring,Sunday,11004
2018,May,19,Spring,Thursday,22691
2018,May,19,Spring,Tuesday,20164
2018,May,19,Spring,Wednesday,23668
2018,May,20,Spring,Friday,10758
2018,May,20,Spring,Monday,11913
2018,May,20,Spring,Saturday,6724
2018,May,20,Spring,Sunday,7455
2018,May,20,Spring,Thursday,15387
2018,May,20,Spring,Tuesday,15171
2018,May,20,Spring,Wednesday,15941
2018,May,21,Spring,Friday,7426
2018,May,21,Spring,Monday,7516
2018,May,21,Spring,Saturday,5134
2018,May,21,Spring,Sunday,4888
2018,May,21,Spring,Thursday,9751
2018,May,21,Spring,Tuesday,10378
2018,May,21,Spring,Wednesday,10678
2018,May,22,Spring,Friday,6047
2018,May,22,Spring,Monday,5099
2018,May,22,Spring,Saturday,4103
2018,May,22,Spring,Sunday,3756
2018,May,22,Spring,Thursday,7539
2018,May,22,Spring,Tuesday,7059
2018,May,22,Spring,Wednesday,7872
2018,May,23,Spring,Friday,4794
2018,May,23,Spring,Monday,3046
2018,May,23,Spring,Saturday,3637
2018,May,23,Spring,Sunday,2401
2018,May,23,Spring,Thursday,5074
2018,May,23,Spring,Tuesday,4311
2018,May,23,Spring,Wednesday,4898
2018,Jun,00,Summer,Friday,3399
2018,Jun,00,Summer,Monday,1206
2018,Jun,00,Summer,Saturday,4211
2018,Jun,00,Summer,Sunday,3581
2018,Jun,00,Summer,Thursday,1929
2018,Jun,00,Summer,Tuesday,1769
2018,Jun,00,Summer,Wednesday,2057
2018,Jun,01,Summer,Friday,1754
2018,Jun,01,Summer,Monday,692
2018,Jun,01,Summer,Saturday,2719
2018,Jun,01,Summer,Sunday,2230
2018,Jun,01,Summer,Thursday,786
2018,Jun,01,Summer,Tuesday,833
2018,Jun,01,Summer,Wednesday,1053
2018,Jun,02,Summer,Friday,908
2018,Jun,02,Summer,Monday,456
2018,Jun,02,Summer,Saturday,1827
2018,Jun,02,Summer,Sunday,1509
2018,Jun,02,Summer,Thursday,403
2018,Jun,02,Summer,Tuesday,410
2018,Jun,02,Summer,Wednesday,480
2018,Jun,03,Summer,Friday,526
2018,Jun,03,Summer,Monday,306
2018,Jun,03,Summer,Saturday,1094
2018,Jun,03,Summer,Sunday,1013
2018,Jun,03,Summer,Thursday,240
2018,Jun,03,Summer,Tuesday,296
2018,Jun,03,Summer,Wednesday,335
2018,Jun,04,Summer,Friday,575
2018,Jun,04,Summer,Monday,360
2018,Jun,04,Summer,Saturday,686
2018,Jun,04,Summer,Sunday,621
2018,Jun,04,Summer,Thursday,349
2018,Jun,04,Summer,Tuesday,458
2018,Jun,04,Summer,Wednesday,420
2018,Jun,05,Summer,Friday,2325
2018,Jun,05,Summer,Monday,1782
2018,Jun,05,Summer,Saturday,873
2018,Jun,05,Summer,Sunday,529
2018,Jun,05,Summer,Thursday,1712
2018,Jun,05,Summer,Tuesday,2427
2018,Jun,05,Summer,Wednesday,2310
2018,Jun,06,Summer,Friday,8469
2018,Jun,06,Summer,Monday,6188
2018,Jun,06,Summer,Saturday,2176
2018,Jun,06,Summer,Sunday,1153
2018,Jun,06,Summer,Thursday,5141
2018,Jun,06,Summer,Tuesday,8724
2018,Jun,06,Summer,Wednesday,7810
2018,Jun,07,Summer,Friday,16433
2018,Jun,07,Summer,Monday,13103
2018,Jun,07,Summer,Saturday,4750
2018,Jun,07,Summer,Sunday,2515
2018,Jun,07,Summer,Thursday,10752
2018,Jun,07,Summer,Tuesday,17514
2018,Jun,07,Summer,Wednesday,16034
2018,Jun,08,Summer,Friday,28274
2018,Jun,08,Summer,Monday,23652
2018,Jun,08,Summer,Saturday,8413
2018,Jun,08,Summer,Sunday,4892
2018,Jun,08,Summer,Thursday,21771
2018,Jun,08,Summer,Tuesday,29349
2018,Jun,08,Summer,Wednesday,27708
2018,Jun,09,Summer,Friday,23285
2018,Jun,09,Summer,Monday,16453
2018,Jun,09,Summer,Saturday,13825
2018,Jun,09,Summer,Sunday,8027
2018,Jun,09,Summer,Thursday,18261
2018,Jun,09,Summer,Tuesday,19713
2018,Jun,09,Summer,Wednesday,19527
2018,Jun,10,Summer,Friday,14509
2018,Jun,10,Summer,Monday,9428
2018,Jun,10,Summer,Saturday,17585
2018,Jun,10,Summer,Sunday,12102
2018,Jun,10,Summer,Thursday,10852
2018,Jun,10,Summer,Tuesday,11178
2018,Jun,10,Summer,Wednesday,10991
2018,Jun,11,Summer,Friday,14603
2018,Jun,11,Summer,Monday,9125
2018,Jun,11,Summer,Saturday,20959
2018,Jun,11,Summer,Sunday,14420
2018,Jun,11,Summer,Thursday,10543
2018,Jun,11,Summer,Tuesday,10689
2018,Jun,11,Summer,Wednesday,10048
2018,Jun,12,Summer,Friday,17124
2018,Jun,12,Summer,Monday,10842
2018,Jun,12,Summer,Saturday,23401
2018,Jun,12,Summer,Sunday,16187
2018,Jun,12,Summer,Thursday,12684
2018,Jun,12,Summer,Tuesday,12428
2018,Jun,12,Summer,Wednesday,10592
2018,Jun,13,Summer,Friday,18847
2018,Jun,13,Summer,Monday,11834
2018,Jun,13,Summer,Saturday,24053
2018,Jun,13,Summer,Sunday,17565
2018,Jun,13,Summer,Thursday,13486
2018,Jun,13,Summer,Tuesday,13033
2018,Jun,13,Summer,Wednesday,11086
2018,Jun,14,Summer,Friday,19958
2018,Jun,14,Summer,Monday,12237
2018,Jun,14,Summer,Saturday,23180
2018,Jun,14,Summer,Sunday,16491
2018,Jun,14,Summer,Thursday,12839
2018,Jun,14,Summer,Tuesday,13061
2018,Jun,14,Summer,Wednesday,11820
2018,Jun,15,Summer,Friday,21810
2018,Jun,15,Summer,Monday,13145
2018,Jun,15,Summer,Saturday,22667
2018,Jun,15,Summer,Sunday,16586
2018,Jun,15,Summer,Thursday,14038
2018,Jun,15,Summer,Tuesday,13957
2018,Jun,15,Summer,Wednesday,12976
2018,Jun,16,Summer,Friday,27900
2018,Jun,16,Summer,Monday,17702
2018,Jun,16,Summer,Saturday,23263
2018,Jun,16,Summer,Sunday,16755
2018,Jun,16,Summer,Thursday,17745
2018,Jun,16,Summer,Tuesday,18761
2018,Jun,16,Summer,Wednesday,17779
2018,Jun,17,Summer,Friday,35298
2018,Jun,17,Summer,Monday,30360
2018,Jun,17,Summer,Saturday,22489
2018,Jun,17,Summer,Sunday,15789
2018,Jun,17,Summer,Thursday,26485
2018,Jun,17,Summer,Tuesday,32108
2018,Jun,17,Summer,Wednesday,30029
2018,Jun,18,Summer,Friday,30185
2018,Jun,18,Summer,Monday,30968
2018,Jun,18,Summer,Saturday,20628
2018,Jun,18,Summer,Sunday,15729
2018,Jun,18,Summer,Thursday,27725
2018,Jun,18,Summer,Tuesday,32705
2018,Jun,18,Summer,Wednesday,30230
2018,Jun,19,Summer,Friday,21750
2018,Jun,19,Summer,Monday,21071
2018,Jun,19,Summer,Saturday,17729
2018,Jun,19,Summer,Sunday,13167
2018,Jun,19,Summer,Thursday,20727
2018,Jun,19,Summer,Tuesday,22917
2018,Jun,19,Summer,Wednesday,19460
2018,Jun,20,Summer,Friday,15350
2018,Jun,20,Summer,Monday,13637
2018,Jun,20,Summer,Saturday,13793
2018,Jun,20,Summer,Sunday,9753
2018,Jun,20,Summer,Thursday,14622
2018,Jun,20,Summer,Tuesday,15977
2018,Jun,20,Summer,Wednesday,13275
2018,Jun,21,Summer,Friday,10548
2018,Jun,21,Summer,Monday,8403
2018,Jun,21,Summer,Saturday,9708
2018,Jun,21,Summer,Sunday,6559
2018,Jun,21,Summer,Thursday,10397
2018,Jun,21,Summer,Tuesday,10581
2018,Jun,21,Summer,Wednesday,9016
2018,Jun,22,Summer,Friday,8784
2018,Jun,22,Summer,Monday,5906
2018,Jun,22,Summer,Saturday,7973
2018,Jun,22,Summer,Sunday,3995
2018,Jun,22,Summer,Thursday,8027
2018,Jun,22,Summer,Tuesday,7751
2018,Jun,22,Summer,Wednesday,6653
2018,Jun,23,Summer,Friday,6346
2018,Jun,23,Summer,Monday,3444
2018,Jun,23,Summer,Saturday,6482
2018,Jun,23,Summer,Sunday,2522
2018,Jun,23,Summer,Thursday,5261
2018,Jun,23,Summer,Tuesday,4373
2018,Jun,23,Summer,Wednesday,4193
2018,Jul,00,Summer,Friday,2658
2018,Jul,00,Summer,Monday,2252
2018,Jul,00,Summer,Saturday,3449
2018,Jul,00,Summer,Sunday,3435
2018,Jul,00,Summer,Thursday,2263
2018,Jul,00,Summer,Tuesday,2314
2018,Jul,00,Summer,Wednesday,2229
2018,Jul,01,Summer,Friday,1311
2018,Jul,01,Summer,Monday,1145
2018,Jul,01,Summer,Saturday,2183
2018,Jul,01,Summer,Sunday,2282
2018,Jul,01,Summer,Thursday,1123
2018,Jul,01,Summer,Tuesday,1194
2018,Jul,01,Summer,Wednesday,1170
2018,Jul,02,Summer,Friday,737
2018,Jul,02,Summer,Monday,636
2018,Jul,02,Summer,Saturday,1348
2018,Jul,02,Summer,Sunday,1604
2018,Jul,02,Summer,Thursday,574
2018,Jul,02,Summer,Tuesday,583
2018,Jul,02,Summer,Wednesday,651
2018,Jul,03,Summer,Friday,370
2018,Jul,03,Summer,Monday,397
2018,Jul,03,Summer,Saturday,789
2018,Jul,03,Summer,Sunday,971
2018,Jul,03,Summer,Thursday,367
2018,Jul,03,Summer,Tuesday,337
2018,Jul,03,Summer,Wednesday,374
2018,Jul,04,Summer,Friday,489
2018,Jul,04,Summer,Monday,578
2018,Jul,04,Summer,Saturday,594
2018,Jul,04,Summer,Sunday,631
2018,Jul,04,Summer,Thursday,470
2018,Jul,04,Summer,Tuesday,540
2018,Jul,04,Summer,Wednesday,460
2018,Jul,05,Summer,Friday,1817
2018,Jul,05,Summer,Monday,2432
2018,Jul,05,Summer,Saturday,615
2018,Jul,05,Summer,Sunday,597
2018,Jul,05,Summer,Thursday,1878
2018,Jul,05,Summer,Tuesday,2790
2018,Jul,05,Summer,Wednesday,1839
2018,Jul,06,Summer,Friday,5665
2018,Jul,06,Summer,Monday,7966
2018,Jul,06,Summer,Saturday,1793
2018,Jul,06,Summer,Sunday,1380
2018,Jul,06,Summer,Thursday,7195
2018,Jul,06,Summer,Tuesday,10103
2018,Jul,06,Summer,Wednesday,5039
2018,Jul,07,Summer,Friday,11425
2018,Jul,07,Summer,Monday,16068
2018,Jul,07,Summer,Saturday,3691
2018,Jul,07,Summer,Sunday,2951
2018,Jul,07,Summer,Thursday,14494
2018,Jul,07,Summer,Tuesday,19772
2018,Jul,07,Summer,Wednesday,10181
2018,Jul,08,Summer,Friday,22223
2018,Jul,08,Summer,Monday,27220
2018,Jul,08,Summer,Saturday,6834
2018,Jul,08,Summer,Sunday,5891
2018,Jul,08,Summer,Thursday,25543
2018,Jul,08,Summer,Tuesday,33252
2018,Jul,08,Summer,Wednesday,18098
2018,Jul,09,Summer,Friday,17516
2018,Jul,09,Summer,Monday,19801
2018,Jul,09,Summer,Saturday,11326
2018,Jul,09,Summer,Sunday,9968
2018,Jul,09,Summer,Thursday,18498
2018,Jul,09,Summer,Tuesday,23096
2018,Jul,09,Summer,Wednesday,14774
2018,Jul,10,Summer,Friday,10848
2018,Jul,10,Summer,Monday,11488
2018,Jul,10,Summer,Saturday,14191
2018,Jul,10,Summer,Sunday,15341
2018,Jul,10,Summer,Thursday,10463
2018,Jul,10,Summer,Tuesday,12766
2018,Jul,10,Summer,Wednesday,10035
2018,Jul,11,Summer,Friday,10276
2018,Jul,11,Summer,Monday,11146
2018,Jul,11,Summer,Saturday,16886
2018,Jul,11,Summer,Sunday,17646
2018,Jul,11,Summer,Thursday,10528
2018,Jul,11,Summer,Tuesday,12584
2018,Jul,11,Summer,Wednesday,9957
2018,Jul,12,Summer,Friday,11788
2018,Jul,12,Summer,Monday,13150
2018,Jul,12,Summer,Saturday,19587
2018,Jul,12,Summer,Sunday,19169
2018,Jul,12,Summer,Thursday,12231
2018,Jul,12,Summer,Tuesday,15021
2018,Jul,12,Summer,Wednesday,11763
2018,Jul,13,Summer,Friday,13681
2018,Jul,13,Summer,Monday,13854
2018,Jul,13,Summer,Saturday,20637
2018,Jul,13,Summer,Sunday,22668
2018,Jul,13,Summer,Thursday,12820
2018,Jul,13,Summer,Tuesday,15749
2018,Jul,13,Summer,Wednesday,12261
2018,Jul,14,Summer,Friday,14473
2018,Jul,14,Summer,Monday,14025
2018,Jul,14,Summer,Saturday,20225
2018,Jul,14,Summer,Sunday,22835
2018,Jul,14,Summer,Thursday,13136
2018,Jul,14,Summer,Tuesday,13957
2018,Jul,14,Summer,Wednesday,12221
2018,Jul,15,Summer,Friday,15762
2018,Jul,15,Summer,Monday,15399
2018,Jul,15,Summer,Saturday,19724
2018,Jul,15,Summer,Sunday,22892
2018,Jul,15,Summer,Thursday,14015
2018,Jul,15,Summer,Tuesday,14152
2018,Jul,15,Summer,Wednesday,13337
2018,Jul,16,Summer,Friday,19946
2018,Jul,16,Summer,Monday,20716
2018,Jul,16,Summer,Saturday,19228
2018,Jul,16,Summer,Sunday,23175
2018,Jul,16,Summer,Thursday,18457
2018,Jul,16,Summer,Tuesday,18185
2018,Jul,16,Summer,Wednesday,16269
2018,Jul,17,Summer,Friday,21755
2018,Jul,17,Summer,Monday,35798
2018,Jul,17,Summer,Saturday,19047
2018,Jul,17,Summer,Sunday,22309
2018,Jul,17,Summer,Thursday,29679
2018,Jul,17,Summer,Tuesday,29196
2018,Jul,17,Summer,Wednesday,24399
2018,Jul,18,Summer,Friday,19351
2018,Jul,18,Summer,Monday,36422
2018,Jul,18,Summer,Saturday,17070
2018,Jul,18,Summer,Sunday,19464
2018,Jul,18,Summer,Thursday,29192
2018,Jul,18,Summer,Tuesday,29911
2018,Jul,18,Summer,Wednesday,23023
2018,Jul,19,Summer,Friday,14440
2018,Jul,19,Summer,Monday,25355
2018,Jul,19,Summer,Saturday,13275
2018,Jul,19,Summer,Sunday,17504
2018,Jul,19,Summer,Thursday,21263
2018,Jul,19,Summer,Tuesday,24072
2018,Jul,19,Summer,Wednesday,17158
2018,Jul,20,Summer,Friday,10858
2018,Jul,20,Summer,Monday,18312
2018,Jul,20,Summer,Saturday,9701
2018,Jul,20,Summer,Sunday,12944
2018,Jul,20,Summer,Thursday,15180
2018,Jul,20,Summer,Tuesday,16338
2018,Jul,20,Summer,Wednesday,12572
2018,Jul,21,Summer,Friday,7336
2018,Jul,21,Summer,Monday,11782
2018,Jul,21,Summer,Saturday,6740
2018,Jul,21,Summer,Sunday,9308
2018,Jul,21,Summer,Thursday,10819
2018,Jul,21,Summer,Tuesday,11964
2018,Jul,21,Summer,Wednesday,9133
2018,Jul,22,Summer,Friday,5939
2018,Jul,22,Summer,Monday,7845
2018,Jul,22,Summer,Saturday,5436
2018,Jul,22,Summer,Sunday,6704
2018,Jul,22,Summer,Thursday,8040
2018,Jul,22,Summer,Tuesday,8777
2018,Jul,22,Summer,Wednesday,8407
2018,Jul,23,Summer,Friday,4727
2018,Jul,23,Summer,Monday,4562
2018,Jul,23,Summer,Saturday,4316
2018,Jul,23,Summer,Sunday,4146
2018,Jul,23,Summer,Thursday,5147
2018,Jul,23,Summer,Tuesday,5269
2018,Jul,23,Summer,Wednesday,4738
2018,Aug,00,Summer,Friday,3428
2018,Aug,00,Summer,Monday,1716
2018,Aug,00,Summer,Saturday,3011
2018,Aug,00,Summer,Sunday,3432
2018,Aug,00,Summer,Thursday,2866
2018,Aug,00,Summer,Tuesday,1762
2018,Aug,00,Summer,Wednesday,2336
2018,Aug,01,Summer,Friday,1872
2018,Aug,01,Summer,Monday,941
2018,Aug,01,Summer,Saturday,2060
2018,Aug,01,Summer,Sunday,2373
2018,Aug,01,Summer,Thursday,1321
2018,Aug,01,Summer,Tuesday,942
2018,Aug,01,Summer,Wednesday,1028
2018,Aug,02,Summer,Friday,1029
2018,Aug,02,Summer,Monday,562
2018,Aug,02,Summer,Saturday,1320
2018,Aug,02,Summer,Sunday,1485
2018,Aug,02,Summer,Thursday,668
2018,Aug,02,Summer,Tuesday,530
2018,Aug,02,Summer,Wednesday,608
2018,Aug,03,Summer,Friday,624
2018,Aug,03,Summer,Monday,371
2018,Aug,03,Summer,Saturday,749
2018,Aug,03,Summer,Sunday,1087
2018,Aug,03,Summer,Thursday,425
2018,Aug,03,Summer,Tuesday,339
2018,Aug,03,Summer,Wednesday,387
2018,Aug,04,Summer,Friday,621
2018,Aug,04,Summer,Monday,506
2018,Aug,04,Summer,Saturday,559
2018,Aug,04,Summer,Sunday,610
2018,Aug,04,Summer,Thursday,619
2018,Aug,04,Summer,Tuesday,517
2018,Aug,04,Summer,Wednesday,577
2018,Aug,05,Summer,Friday,2307
2018,Aug,05,Summer,Monday,1996
2018,Aug,05,Summer,Saturday,559
2018,Aug,05,Summer,Sunday,478
2018,Aug,05,Summer,Thursday,2447
2018,Aug,05,Summer,Tuesday,2327
2018,Aug,05,Summer,Wednesday,2658
2018,Aug,06,Summer,Friday,8073
2018,Aug,06,Summer,Monday,7227
2018,Aug,06,Summer,Saturday,1433
2018,Aug,06,Summer,Sunday,1233
2018,Aug,06,Summer,Thursday,9463
2018,Aug,06,Summer,Tuesday,8392
2018,Aug,06,Summer,Wednesday,9149
2018,Aug,07,Summer,Friday,15973
2018,Aug,07,Summer,Monday,13863
2018,Aug,07,Summer,Saturday,3140
2018,Aug,07,Summer,Sunday,2674
2018,Aug,07,Summer,Thursday,18142
2018,Aug,07,Summer,Tuesday,15962
2018,Aug,07,Summer,Wednesday,17717
2018,Aug,08,Summer,Friday,28534
2018,Aug,08,Summer,Monday,22274
2018,Aug,08,Summer,Saturday,5113
2018,Aug,08,Summer,Sunday,4958
2018,Aug,08,Summer,Thursday,32595
2018,Aug,08,Summer,Tuesday,27343
2018,Aug,08,Summer,Wednesday,32416
2018,Aug,09,Summer,Friday,22667
2018,Aug,09,Summer,Monday,13599
2018,Aug,09,Summer,Saturday,7088
2018,Aug,09,Summer,Sunday,8443
2018,Aug,09,Summer,Thursday,24337
2018,Aug,09,Summer,Tuesday,19254
2018,Aug,09,Summer,Wednesday,23482
2018,Aug,10,Summer,Friday,14484
2018,Aug,10,Summer,Monday,7213
2018,Aug,10,Summer,Saturday,11106
2018,Aug,10,Summer,Sunday,12362
2018,Aug,10,Summer,Thursday,13970
2018,Aug,10,Summer,Tuesday,10667
2018,Aug,10,Summer,Wednesday,13102
2018,Aug,11,Summer,Friday,14827
2018,Aug,11,Summer,Monday,7347
2018,Aug,11,Summer,Saturday,15046
2018,Aug,11,Summer,Sunday,15330
2018,Aug,11,Summer,Thursday,13749
2018,Aug,11,Summer,Tuesday,10393
2018,Aug,11,Summer,Wednesday,12912
2018,Aug,12,Summer,Friday,17206
2018,Aug,12,Summer,Monday,8854
2018,Aug,12,Summer,Saturday,18274
2018,Aug,12,Summer,Sunday,16851
2018,Aug,12,Summer,Thursday,15913
2018,Aug,12,Summer,Tuesday,11992
2018,Aug,12,Summer,Wednesday,14879
2018,Aug,13,Summer,Friday,18677
2018,Aug,13,Summer,Monday,10123
2018,Aug,13,Summer,Saturday,17286
2018,Aug,13,Summer,Sunday,18380
2018,Aug,13,Summer,Thursday,16030
2018,Aug,13,Summer,Tuesday,12313
2018,Aug,13,Summer,Wednesday,15223
2018,Aug,14,Summer,Friday,17940
2018,Aug,14,Summer,Monday,10911
2018,Aug,14,Summer,Saturday,16997
2018,Aug,14,Summer,Sunday,17767
2018,Aug,14,Summer,Thursday,16096
2018,Aug,14,Summer,Tuesday,11755
2018,Aug,14,Summer,Wednesday,14576
2018,Aug,15,Summer,Friday,19576
2018,Aug,15,Summer,Monday,11958
2018,Aug,15,Summer,Saturday,18211
2018,Aug,15,Summer,Sunday,17982
2018,Aug,15,Summer,Thursday,17516
2018,Aug,15,Summer,Tuesday,11368
2018,Aug,15,Summer,Wednesday,15771
2018,Aug,16,Summer,Friday,25207
2018,Aug,16,Summer,Monday,15490
2018,Aug,16,Summer,Saturday,16536
2018,Aug,16,Summer,Sunday,19056
2018,Aug,16,Summer,Thursday,22838
2018,Aug,16,Summer,Tuesday,15366
2018,Aug,16,Summer,Wednesday,21500
2018,Aug,17,Summer,Friday,30702
2018,Aug,17,Summer,Monday,28769
2018,Aug,17,Summer,Saturday,15904
2018,Aug,17,Summer,Sunday,19285
2018,Aug,17,Summer,Thursday,37065
2018,Aug,17,Summer,Tuesday,27352
2018,Aug,17,Summer,Wednesday,37765
2018,Aug,18,Summer,Friday,27306
2018,Aug,18,Summer,Monday,29984
2018,Aug,18,Summer,Saturday,15294
2018,Aug,18,Summer,Sunday,18491
2018,Aug,18,Summer,Thursday,36762
2018,Aug,18,Summer,Tuesday,30350
2018,Aug,18,Summer,Wednesday,38312
2018,Aug,19,Summer,Friday,19461
2018,Aug,19,Summer,Monday,20411
2018,Aug,19,Summer,Saturday,12751
2018,Aug,19,Summer,Sunday,15409
2018,Aug,19,Summer,Thursday,26466
2018,Aug,19,Summer,Tuesday,18640
2018,Aug,19,Summer,Wednesday,26674
2018,Aug,20,Summer,Friday,13716
2018,Aug,20,Summer,Monday,12929
2018,Aug,20,Summer,Saturday,9137
2018,Aug,20,Summer,Sunday,10379
2018,Aug,20,Summer,Thursday,17636
2018,Aug,20,Summer,Tuesday,12578
2018,Aug,20,Summer,Wednesday,18002
2018,Aug,21,Summer,Friday,9594
2018,Aug,21,Summer,Monday,8740
2018,Aug,21,Summer,Saturday,7070
2018,Aug,21,Summer,Sunday,7726
2018,Aug,21,Summer,Thursday,11986
2018,Aug,21,Summer,Tuesday,9228
2018,Aug,21,Summer,Wednesday,12458
2018,Aug,22,Summer,Friday,7275
2018,Aug,22,Summer,Monday,5916
2018,Aug,22,Summer,Saturday,6141
2018,Aug,22,Summer,Sunday,5754
2018,Aug,22,Summer,Thursday,9258
2018,Aug,22,Summer,Tuesday,6708
2018,Aug,22,Summer,Wednesday,9389
2018,Aug,23,Summer,Friday,5535
2018,Aug,23,Summer,Monday,3415
2018,Aug,23,Summer,Saturday,4985
2018,Aug,23,Summer,Sunday,3494
2018,Aug,23,Summer,Thursday,5990
2018,Aug,23,Summer,Tuesday,3747
2018,Aug,23,Summer,Wednesday,5715
2018,Sep,00,Autumn,Friday,2437
2018,Sep,00,Autumn,Monday,1857
2018,Sep,00,Autumn,Saturday,4751
2018,Sep,00,Autumn,Sunday,5136
2018,Sep,00,Autumn,Thursday,1910
2018,Sep,00,Autumn,Tuesday,1390
2018,Sep,00,Autumn,Wednesday,1845
2018,Sep,01,Autumn,Friday,1243
2018,Sep,01,Autumn,Monday,911
2018,Sep,01,Autumn,Saturday,3188
2018,Sep,01,Autumn,Sunday,3289
2018,Sep,01,Autumn,Thursday,888
2018,Sep,01,Autumn,Tuesday,673
2018,Sep,01,Autumn,Wednesday,827
2018,Sep,02,Autumn,Friday,664
2018,Sep,02,Autumn,Monday,608
2018,Sep,02,Autumn,Saturday,2138
2018,Sep,02,Autumn,Sunday,2155
2018,Sep,02,Autumn,Thursday,392
2018,Sep,02,Autumn,Tuesday,397
2018,Sep,02,Autumn,Wednesday,498
2018,Sep,03,Autumn,Friday,412
2018,Sep,03,Autumn,Monday,355
2018,Sep,03,Autumn,Saturday,1249
2018,Sep,03,Autumn,Sunday,1401
2018,Sep,03,Autumn,Thursday,268
2018,Sep,03,Autumn,Tuesday,241
2018,Sep,03,Autumn,Wednesday,281
2018,Sep,04,Autumn,Friday,413
2018,Sep,04,Autumn,Monday,440
2018,Sep,04,Autumn,Saturday,897
2018,Sep,04,Autumn,Sunday,780
2018,Sep,04,Autumn,Thursday,457
2018,Sep,04,Autumn,Tuesday,436
2018,Sep,04,Autumn,Wednesday,485
2018,Sep,05,Autumn,Friday,1597
2018,Sep,05,Autumn,Monday,1388
2018,Sep,05,Autumn,Saturday,858
2018,Sep,05,Autumn,Sunday,597
2018,Sep,05,Autumn,Thursday,2035
2018,Sep,05,Autumn,Tuesday,1841
2018,Sep,05,Autumn,Wednesday,2229
2018,Sep,06,Autumn,Friday,5761
2018,Sep,06,Autumn,Monday,4941
2018,Sep,06,Autumn,Saturday,1952
2018,Sep,06,Autumn,Sunday,1483
2018,Sep,06,Autumn,Thursday,8008
2018,Sep,06,Autumn,Tuesday,6278
2018,Sep,06,Autumn,Wednesday,7302
2018,Sep,07,Autumn,Friday,13810
2018,Sep,07,Autumn,Monday,11033
2018,Sep,07,Autumn,Saturday,4641
2018,Sep,07,Autumn,Sunday,3107
2018,Sep,07,Autumn,Thursday,17681
2018,Sep,07,Autumn,Tuesday,12246
2018,Sep,07,Autumn,Wednesday,15492
2018,Sep,08,Autumn,Friday,25001
2018,Sep,08,Autumn,Monday,18070
2018,Sep,08,Autumn,Saturday,8932
2018,Sep,08,Autumn,Sunday,6537
2018,Sep,08,Autumn,Thursday,28896
2018,Sep,08,Autumn,Tuesday,20240
2018,Sep,08,Autumn,Wednesday,26751
2018,Sep,09,Autumn,Friday,19178
2018,Sep,09,Autumn,Monday,12892
2018,Sep,09,Autumn,Saturday,14639
2018,Sep,09,Autumn,Sunday,10756
2018,Sep,09,Autumn,Thursday,19780
2018,Sep,09,Autumn,Tuesday,13480
2018,Sep,09,Autumn,Wednesday,19124
2018,Sep,10,Autumn,Friday,11724
2018,Sep,10,Autumn,Monday,9180
2018,Sep,10,Autumn,Saturday,19418
2018,Sep,10,Autumn,Sunday,15666
2018,Sep,10,Autumn,Thursday,11376
2018,Sep,10,Autumn,Tuesday,8064
2018,Sep,10,Autumn,Wednesday,11117
2018,Sep,11,Autumn,Friday,11432
2018,Sep,11,Autumn,Monday,9575
2018,Sep,11,Autumn,Saturday,23819
2018,Sep,11,Autumn,Sunday,19563
2018,Sep,11,Autumn,Thursday,11236
2018,Sep,11,Autumn,Tuesday,8352
2018,Sep,11,Autumn,Wednesday,11010
2018,Sep,12,Autumn,Friday,13485
2018,Sep,12,Autumn,Monday,11184
2018,Sep,12,Autumn,Saturday,26625
2018,Sep,12,Autumn,Sunday,21963
2018,Sep,12,Autumn,Thursday,13417
2018,Sep,12,Autumn,Tuesday,8321
2018,Sep,12,Autumn,Wednesday,12894
2018,Sep,13,Autumn,Friday,14646
2018,Sep,13,Autumn,Monday,11843
2018,Sep,13,Autumn,Saturday,27566
2018,Sep,13,Autumn,Sunday,22343
2018,Sep,13,Autumn,Thursday,13717
2018,Sep,13,Autumn,Tuesday,7325
2018,Sep,13,Autumn,Wednesday,13326
2018,Sep,14,Autumn,Friday,15681
2018,Sep,14,Autumn,Monday,12328
2018,Sep,14,Autumn,Saturday,27524
2018,Sep,14,Autumn,Sunday,22461
2018,Sep,14,Autumn,Thursday,14316
2018,Sep,14,Autumn,Tuesday,7516
2018,Sep,14,Autumn,Wednesday,13769
2018,Sep,15,Autumn,Friday,17157
2018,Sep,15,Autumn,Monday,13497
2018,Sep,15,Autumn,Saturday,27937
2018,Sep,15,Autumn,Sunday,22644
2018,Sep,15,Autumn,Thursday,15578
2018,Sep,15,Autumn,Tuesday,9747
2018,Sep,15,Autumn,Wednesday,14647
2018,Sep,16,Autumn,Friday,21834
2018,Sep,16,Autumn,Monday,14771
2018,Sep,16,Autumn,Saturday,27104
2018,Sep,16,Autumn,Sunday,23112
2018,Sep,16,Autumn,Thursday,19528
2018,Sep,16,Autumn,Tuesday,11570
2018,Sep,16,Autumn,Wednesday,17124
2018,Sep,17,Autumn,Friday,30253
2018,Sep,17,Autumn,Monday,22686
2018,Sep,17,Autumn,Saturday,25123
2018,Sep,17,Autumn,Sunday,22096
2018,Sep,17,Autumn,Thursday,31784
2018,Sep,17,Autumn,Tuesday,23827
2018,Sep,17,Autumn,Wednesday,27043
2018,Sep,18,Autumn,Friday,25990
2018,Sep,18,Autumn,Monday,23618
2018,Sep,18,Autumn,Saturday,21555
2018,Sep,18,Autumn,Sunday,20536
2018,Sep,18,Autumn,Thursday,29563
2018,Sep,18,Autumn,Tuesday,25368
2018,Sep,18,Autumn,Wednesday,26202
2018,Sep,19,Autumn,Friday,16820
2018,Sep,19,Autumn,Monday,15624
2018,Sep,19,Autumn,Saturday,16642
2018,Sep,19,Autumn,Sunday,16234
2018,Sep,19,Autumn,Thursday,19554
2018,Sep,19,Autumn,Tuesday,16791
2018,Sep,19,Autumn,Wednesday,18003
2018,Sep,20,Autumn,Friday,11216
2018,Sep,20,Autumn,Monday,10371
2018,Sep,20,Autumn,Saturday,11765
2018,Sep,20,Autumn,Sunday,11202
2018,Sep,20,Autumn,Thursday,13518
2018,Sep,20,Autumn,Tuesday,11563
2018,Sep,20,Autumn,Wednesday,12250
2018,Sep,21,Autumn,Friday,7955
2018,Sep,21,Autumn,Monday,7066
2018,Sep,21,Autumn,Saturday,9365
2018,Sep,21,Autumn,Sunday,8457
2018,Sep,21,Autumn,Thursday,9803
2018,Sep,21,Autumn,Tuesday,8391
2018,Sep,21,Autumn,Wednesday,8643
2018,Sep,22,Autumn,Friday,6779
2018,Sep,22,Autumn,Monday,4852
2018,Sep,22,Autumn,Saturday,7804
2018,Sep,22,Autumn,Sunday,6383
2018,Sep,22,Autumn,Thursday,7640
2018,Sep,22,Autumn,Tuesday,6002
2018,Sep,22,Autumn,Wednesday,5967
2018,Sep,23,Autumn,Friday,5563
2018,Sep,23,Autumn,Monday,2856
2018,Sep,23,Autumn,Saturday,6764
2018,Sep,23,Autumn,Sunday,4113
2018,Sep,23,Autumn,Thursday,5085
2018,Sep,23,Autumn,Tuesday,3595
2018,Sep,23,Autumn,Wednesday,3704
2018,Oct,00,Autumn,Friday,1894
2018,Oct,00,Autumn,Monday,1682
2018,Oct,00,Autumn,Saturday,3143
2018,Oct,00,Autumn,Sunday,3047
2018,Oct,00,Autumn,Thursday,1899
2018,Oct,00,Autumn,Tuesday,1725
2018,Oct,00,Autumn,Wednesday,1833
2018,Oct,01,Autumn,Friday,1054
2018,Oct,01,Autumn,Monday,887
2018,Oct,01,Autumn,Saturday,1913
2018,Oct,01,Autumn,Sunday,2131
2018,Oct,01,Autumn,Thursday,887
2018,Oct,01,Autumn,Tuesday,834
2018,Oct,01,Autumn,Wednesday,933
2018,Oct,02,Autumn,Friday,459
2018,Oct,02,Autumn,Monday,549
2018,Oct,02,Autumn,Saturday,1104
2018,Oct,02,Autumn,Sunday,1375
2018,Oct,02,Autumn,Thursday,446
2018,Oct,02,Autumn,Tuesday,480
2018,Oct,02,Autumn,Wednesday,489
2018,Oct,03,Autumn,Friday,258
2018,Oct,03,Autumn,Monday,373
2018,Oct,03,Autumn,Saturday,640
2018,Oct,03,Autumn,Sunday,893
2018,Oct,03,Autumn,Thursday,264
2018,Oct,03,Autumn,Tuesday,303
2018,Oct,03,Autumn,Wednesday,292
2018,Oct,04,Autumn,Friday,357
2018,Oct,04,Autumn,Monday,557
2018,Oct,04,Autumn,Saturday,409
2018,Oct,04,Autumn,Sunday,536
2018,Oct,04,Autumn,Thursday,469
2018,Oct,04,Autumn,Tuesday,630
2018,Oct,04,Autumn,Wednesday,582
2018,Oct,05,Autumn,Friday,1600
2018,Oct,05,Autumn,Monday,2267
2018,Oct,05,Autumn,Saturday,407
2018,Oct,05,Autumn,Sunday,418
2018,Oct,05,Autumn,Thursday,2024
2018,Oct,05,Autumn,Tuesday,2831
2018,Oct,05,Autumn,Wednesday,2696
2018,Oct,06,Autumn,Friday,6323
2018,Oct,06,Autumn,Monday,7419
2018,Oct,06,Autumn,Saturday,1095
2018,Oct,06,Autumn,Sunday,1028
2018,Oct,06,Autumn,Thursday,7369
2018,Oct,06,Autumn,Tuesday,9765
2018,Oct,06,Autumn,Wednesday,9557
2018,Oct,07,Autumn,Friday,14359
2018,Oct,07,Autumn,Monday,16650
2018,Oct,07,Autumn,Saturday,2433
2018,Oct,07,Autumn,Sunday,2290
2018,Oct,07,Autumn,Thursday,16495
2018,Oct,07,Autumn,Tuesday,21293
2018,Oct,07,Autumn,Wednesday,20833
2018,Oct,08,Autumn,Friday,25054
2018,Oct,08,Autumn,Monday,28200
2018,Oct,08,Autumn,Saturday,4048
2018,Oct,08,Autumn,Sunday,4773
2018,Oct,08,Autumn,Thursday,27330
2018,Oct,08,Autumn,Tuesday,35448
2018,Oct,08,Autumn,Wednesday,36142
2018,Oct,09,Autumn,Friday,18023
2018,Oct,09,Autumn,Monday,20123
2018,Oct,09,Autumn,Saturday,7117
2018,Oct,09,Autumn,Sunday,8303
2018,Oct,09,Autumn,Thursday,18422
2018,Oct,09,Autumn,Tuesday,23430
2018,Oct,09,Autumn,Wednesday,24320
2018,Oct,10,Autumn,Friday,10977
2018,Oct,10,Autumn,Monday,11486
2018,Oct,10,Autumn,Saturday,8998
2018,Oct,10,Autumn,Sunday,11555
2018,Oct,10,Autumn,Thursday,10474
2018,Oct,10,Autumn,Tuesday,13429
2018,Oct,10,Autumn,Wednesday,13815
2018,Oct,11,Autumn,Friday,10773
2018,Oct,11,Autumn,Monday,10794
2018,Oct,11,Autumn,Saturday,12204
2018,Oct,11,Autumn,Sunday,14384
2018,Oct,11,Autumn,Thursday,8426
2018,Oct,11,Autumn,Tuesday,12722
2018,Oct,11,Autumn,Wednesday,13244
2018,Oct,12,Autumn,Friday,13405
2018,Oct,12,Autumn,Monday,13473
2018,Oct,12,Autumn,Saturday,14099
2018,Oct,12,Autumn,Sunday,16246
2018,Oct,12,Autumn,Thursday,10453
2018,Oct,12,Autumn,Tuesday,15179
2018,Oct,12,Autumn,Wednesday,15793
2018,Oct,13,Autumn,Friday,14345
2018,Oct,13,Autumn,Monday,14114
2018,Oct,13,Autumn,Saturday,14947
2018,Oct,13,Autumn,Sunday,16627
2018,Oct,13,Autumn,Thursday,11416
2018,Oct,13,Autumn,Tuesday,15828
2018,Oct,13,Autumn,Wednesday,16508
2018,Oct,14,Autumn,Friday,15191
2018,Oct,14,Autumn,Monday,15076
2018,Oct,14,Autumn,Saturday,15136
2018,Oct,14,Autumn,Sunday,16519
2018,Oct,14,Autumn,Thursday,12334
2018,Oct,14,Autumn,Tuesday,16567
2018,Oct,14,Autumn,Wednesday,17390
2018,Oct,15,Autumn,Friday,16457
2018,Oct,15,Autumn,Monday,16290
2018,Oct,15,Autumn,Saturday,16052
2018,Oct,15,Autumn,Sunday,16662
2018,Oct,15,Autumn,Thursday,13351
2018,Oct,15,Autumn,Tuesday,17989
2018,Oct,15,Autumn,Wednesday,18804
2018,Oct,16,Autumn,Friday,21063
2018,Oct,16,Autumn,Monday,20975
2018,Oct,16,Autumn,Saturday,15657
2018,Oct,16,Autumn,Sunday,17568
2018,Oct,16,Autumn,Thursday,14818
2018,Oct,16,Autumn,Tuesday,23226
2018,Oct,16,Autumn,Wednesday,23759
2018,Oct,17,Autumn,Friday,28673
2018,Oct,17,Autumn,Monday,34582
2018,Oct,17,Autumn,Saturday,15449
2018,Oct,17,Autumn,Sunday,16682
2018,Oct,17,Autumn,Thursday,19093
2018,Oct,17,Autumn,Tuesday,38163
2018,Oct,17,Autumn,Wednesday,38243
2018,Oct,18,Autumn,Friday,23087
2018,Oct,18,Autumn,Monday,33060
2018,Oct,18,Autumn,Saturday,13400
2018,Oct,18,Autumn,Sunday,14047
2018,Oct,18,Autumn,Thursday,22141
2018,Oct,18,Autumn,Tuesday,35466
2018,Oct,18,Autumn,Wednesday,35155
2018,Oct,19,Autumn,Friday,15053
2018,Oct,19,Autumn,Monday,21242
2018,Oct,19,Autumn,Saturday,10276
2018,Oct,19,Autumn,Sunday,10184
2018,Oct,19,Autumn,Thursday,13527
2018,Oct,19,Autumn,Tuesday,22655
2018,Oct,19,Autumn,Wednesday,21947
2018,Oct,20,Autumn,Friday,9509
2018,Oct,20,Autumn,Monday,13982
2018,Oct,20,Autumn,Saturday,7007
2018,Oct,20,Autumn,Sunday,7355
2018,Oct,20,Autumn,Thursday,9793
2018,Oct,20,Autumn,Tuesday,15390
2018,Oct,20,Autumn,Wednesday,14846
2018,Oct,21,Autumn,Friday,6844
2018,Oct,21,Autumn,Monday,9911
2018,Oct,21,Autumn,Saturday,5940
2018,Oct,21,Autumn,Sunday,5741
2018,Oct,21,Autumn,Thursday,7652
2018,Oct,21,Autumn,Tuesday,10739
2018,Oct,21,Autumn,Wednesday,10979
2018,Oct,22,Autumn,Friday,5395
2018,Oct,22,Autumn,Monday,6659
2018,Oct,22,Autumn,Saturday,4891
2018,Oct,22,Autumn,Sunday,4198
2018,Oct,22,Autumn,Thursday,5769
2018,Oct,22,Autumn,Tuesday,6721
2018,Oct,22,Autumn,Wednesday,8010
2018,Oct,23,Autumn,Friday,4493
2018,Oct,23,Autumn,Monday,3631
2018,Oct,23,Autumn,Saturday,4037
2018,Oct,23,Autumn,Sunday,2645
2018,Oct,23,Autumn,Thursday,3922
2018,Oct,23,Autumn,Tuesday,3624
2018,Oct,23,Autumn,Wednesday,5039
2018,Nov,00,Autumn,Friday,1614
2018,Nov,00,Autumn,Monday,996
2018,Nov,00,Autumn,Saturday,1670
2018,Nov,00,Autumn,Sunday,1887
2018,Nov,00,Autumn,Thursday,1701
2018,Nov,00,Autumn,Tuesday,925
2018,Nov,00,Autumn,Wednesday,1179
2018,Nov,01,Autumn,Friday,746
2018,Nov,01,Autumn,Monday,563
2018,Nov,01,Autumn,Saturday,1085
2018,Nov,01,Autumn,Sunday,1037
2018,Nov,01,Autumn,Thursday,857
2018,Nov,01,Autumn,Tuesday,421
2018,Nov,01,Autumn,Wednesday,582
2018,Nov,02,Autumn,Friday,435
2018,Nov,02,Autumn,Monday,327
2018,Nov,02,Autumn,Saturday,562
2018,Nov,02,Autumn,Sunday,711
2018,Nov,02,Autumn,Thursday,455
2018,Nov,02,Autumn,Tuesday,258
2018,Nov,02,Autumn,Wednesday,328
2018,Nov,03,Autumn,Friday,271
2018,Nov,03,Autumn,Monday,180
2018,Nov,03,Autumn,Saturday,360
2018,Nov,03,Autumn,Sunday,454
2018,Nov,03,Autumn,Thursday,289
2018,Nov,03,Autumn,Tuesday,165
2018,Nov,03,Autumn,Wednesday,183
2018,Nov,04,Autumn,Friday,396
2018,Nov,04,Autumn,Monday,393
2018,Nov,04,Autumn,Saturday,250
2018,Nov,04,Autumn,Sunday,330
2018,Nov,04,Autumn,Thursday,437
2018,Nov,04,Autumn,Tuesday,326
2018,Nov,04,Autumn,Wednesday,392
2018,Nov,05,Autumn,Friday,1406
2018,Nov,05,Autumn,Monday,1774
2018,Nov,05,Autumn,Saturday,338
2018,Nov,05,Autumn,Sunday,329
2018,Nov,05,Autumn,Thursday,1877
2018,Nov,05,Autumn,Tuesday,1574
2018,Nov,05,Autumn,Wednesday,1800
2018,Nov,06,Autumn,Friday,5063
2018,Nov,06,Autumn,Monday,6246
2018,Nov,06,Autumn,Saturday,951
2018,Nov,06,Autumn,Sunday,812
2018,Nov,06,Autumn,Thursday,6769
2018,Nov,06,Autumn,Tuesday,5322
2018,Nov,06,Autumn,Wednesday,6399
2018,Nov,07,Autumn,Friday,11451
2018,Nov,07,Autumn,Monday,12763
2018,Nov,07,Autumn,Saturday,2501
2018,Nov,07,Autumn,Sunday,2136
2018,Nov,07,Autumn,Thursday,14792
2018,Nov,07,Autumn,Tuesday,10853
2018,Nov,07,Autumn,Wednesday,13708
2018,Nov,08,Autumn,Friday,21344
2018,Nov,08,Autumn,Monday,18842
2018,Nov,08,Autumn,Saturday,4881
2018,Nov,08,Autumn,Sunday,4310
2018,Nov,08,Autumn,Thursday,25989
2018,Nov,08,Autumn,Tuesday,17862
2018,Nov,08,Autumn,Wednesday,22700
2018,Nov,09,Autumn,Friday,16127
2018,Nov,09,Autumn,Monday,12446
2018,Nov,09,Autumn,Saturday,7776
2018,Nov,09,Autumn,Sunday,7272
2018,Nov,09,Autumn,Thursday,17745
2018,Nov,09,Autumn,Tuesday,12874
2018,Nov,09,Autumn,Wednesday,15530
2018,Nov,10,Autumn,Friday,9783
2018,Nov,10,Autumn,Monday,6723
2018,Nov,10,Autumn,Saturday,9985
2018,Nov,10,Autumn,Sunday,10158
2018,Nov,10,Autumn,Thursday,10311
2018,Nov,10,Autumn,Tuesday,5873
2018,Nov,10,Autumn,Wednesday,8857
2018,Nov,11,Autumn,Friday,9547
2018,Nov,11,Autumn,Monday,6704
2018,Nov,11,Autumn,Saturday,11644
2018,Nov,11,Autumn,Sunday,12160
2018,Nov,11,Autumn,Thursday,9817
2018,Nov,11,Autumn,Tuesday,5571
2018,Nov,11,Autumn,Wednesday,8379
2018,Nov,12,Autumn,Friday,11494
2018,Nov,12,Autumn,Monday,8299
2018,Nov,12,Autumn,Saturday,12822
2018,Nov,12,Autumn,Sunday,13851
2018,Nov,12,Autumn,Thursday,11433
2018,Nov,12,Autumn,Tuesday,6624
2018,Nov,12,Autumn,Wednesday,9657
2018,Nov,13,Autumn,Friday,11487
2018,Nov,13,Autumn,Monday,8457
2018,Nov,13,Autumn,Saturday,13187
2018,Nov,13,Autumn,Sunday,14431
2018,Nov,13,Autumn,Thursday,11112
2018,Nov,13,Autumn,Tuesday,7314
2018,Nov,13,Autumn,Wednesday,10116
2018,Nov,14,Autumn,Friday,11840
2018,Nov,14,Autumn,Monday,8298
2018,Nov,14,Autumn,Saturday,12834
2018,Nov,14,Autumn,Sunday,14692
2018,Nov,14,Autumn,Thursday,10526
2018,Nov,14,Autumn,Tuesday,8414
2018,Nov,14,Autumn,Wednesday,10455
2018,Nov,15,Autumn,Friday,11109
2018,Nov,15,Autumn,Monday,7334
2018,Nov,15,Autumn,Saturday,12823
2018,Nov,15,Autumn,Sunday,14180
2018,Nov,15,Autumn,Thursday,11168
2018,Nov,15,Autumn,Tuesday,9239
2018,Nov,15,Autumn,Wednesday,11549
2018,Nov,16,Autumn,Friday,13147
2018,Nov,16,Autumn,Monday,9412
2018,Nov,16,Autumn,Saturday,12023
2018,Nov,16,Autumn,Sunday,14009
2018,Nov,16,Autumn,Thursday,13235
2018,Nov,16,Autumn,Tuesday,11824
2018,Nov,16,Autumn,Wednesday,13611
2018,Nov,17,Autumn,Friday,16970
2018,Nov,17,Autumn,Monday,15386
2018,Nov,17,Autumn,Saturday,10236
2018,Nov,17,Autumn,Sunday,10955
2018,Nov,17,Autumn,Thursday,19497
2018,Nov,17,Autumn,Tuesday,17627
2018,Nov,17,Autumn,Wednesday,18951
2018,Nov,18,Autumn,Friday,14262
2018,Nov,18,Autumn,Monday,15055
2018,Nov,18,Autumn,Saturday,8054
2018,Nov,18,Autumn,Sunday,9240
2018,Nov,18,Autumn,Thursday,18610
2018,Nov,18,Autumn,Tuesday,18333
2018,Nov,18,Autumn,Wednesday,17682
2018,Nov,19,Autumn,Friday,8977
2018,Nov,19,Autumn,Monday,9773
2018,Nov,19,Autumn,Saturday,6592
2018,Nov,19,Autumn,Sunday,7051
2018,Nov,19,Autumn,Thursday,12060
2018,Nov,19,Autumn,Tuesday,12982
2018,Nov,19,Autumn,Wednesday,11441
2018,Nov,20,Autumn,Friday,5977
2018,Nov,20,Autumn,Monday,6777
2018,Nov,20,Autumn,Saturday,4421
2018,Nov,20,Autumn,Sunday,5458
2018,Nov,20,Autumn,Thursday,8254
2018,Nov,20,Autumn,Tuesday,8665
2018,Nov,20,Autumn,Wednesday,7807
2018,Nov,21,Autumn,Friday,4554
2018,Nov,21,Autumn,Monday,4807
2018,Nov,21,Autumn,Saturday,3442
2018,Nov,21,Autumn,Sunday,4168
2018,Nov,21,Autumn,Thursday,6157
2018,Nov,21,Autumn,Tuesday,6332
2018,Nov,21,Autumn,Wednesday,5742
2018,Nov,22,Autumn,Friday,3658
2018,Nov,22,Autumn,Monday,3092
2018,Nov,22,Autumn,Saturday,2846
2018,Nov,22,Autumn,Sunday,3114
2018,Nov,22,Autumn,Thursday,4524
2018,Nov,22,Autumn,Tuesday,4475
2018,Nov,22,Autumn,Wednesday,4086
2018,Nov,23,Autumn,Friday,3199
2018,Nov,23,Autumn,Monday,1574
2018,Nov,23,Autumn,Saturday,2425
2018,Nov,23,Autumn,Sunday,2088
2018,Nov,23,Autumn,Thursday,3136
2018,Nov,23,Autumn,Tuesday,2586
2018,Nov,23,Autumn,Wednesday,2412
2018,Dec,00,Winter,Friday,1340
2018,Dec,00,Winter,Monday,1061
2018,Dec,00,Winter,Saturday,2383
2018,Dec,00,Winter,Sunday,2155
2018,Dec,00,Winter,Thursday,1196
2018,Dec,00,Winter,Tuesday,935
2018,Dec,00,Winter,Wednesday,899
2018,Dec,01,Winter,Friday,689
2018,Dec,01,Winter,Monday,577
2018,Dec,01,Winter,Saturday,1577
2018,Dec,01,Winter,Sunday,1403
2018,Dec,01,Winter,Thursday,565
2018,Dec,01,Winter,Tuesday,423
2018,Dec,01,Winter,Wednesday,421
2018,Dec,02,Winter,Friday,350
2018,Dec,02,Winter,Monday,337
2018,Dec,02,Winter,Saturday,879
2018,Dec,02,Winter,Sunday,857
2018,Dec,02,Winter,Thursday,297
2018,Dec,02,Winter,Tuesday,234
2018,Dec,02,Winter,Wednesday,231
2018,Dec,03,Winter,Friday,231
2018,Dec,03,Winter,Monday,179
2018,Dec,03,Winter,Saturday,640
2018,Dec,03,Winter,Sunday,454
2018,Dec,03,Winter,Thursday,192
2018,Dec,03,Winter,Tuesday,171
2018,Dec,03,Winter,Wednesday,139
2018,Dec,04,Winter,Friday,302
2018,Dec,04,Winter,Monday,332
2018,Dec,04,Winter,Saturday,417
2018,Dec,04,Winter,Sunday,271
2018,Dec,04,Winter,Thursday,338
2018,Dec,04,Winter,Tuesday,302
2018,Dec,04,Winter,Wednesday,298
2018,Dec,05,Winter,Friday,961
2018,Dec,05,Winter,Monday,1606
2018,Dec,05,Winter,Saturday,415
2018,Dec,05,Winter,Sunday,199
2018,Dec,05,Winter,Thursday,1431
2018,Dec,05,Winter,Tuesday,1390
2018,Dec,05,Winter,Wednesday,1403
2018,Dec,06,Winter,Friday,2868
2018,Dec,06,Winter,Monday,5148
2018,Dec,06,Winter,Saturday,1127
2018,Dec,06,Winter,Sunday,491
2018,Dec,06,Winter,Thursday,4626
2018,Dec,06,Winter,Tuesday,4600
2018,Dec,06,Winter,Wednesday,4527
2018,Dec,07,Winter,Friday,6461
2018,Dec,07,Winter,Monday,10810
2018,Dec,07,Winter,Saturday,2449
2018,Dec,07,Winter,Sunday,1307
2018,Dec,07,Winter,Thursday,9871
2018,Dec,07,Winter,Tuesday,9516
2018,Dec,07,Winter,Wednesday,9538
2018,Dec,08,Winter,Friday,11627
2018,Dec,08,Winter,Monday,18357
2018,Dec,08,Winter,Saturday,5078
2018,Dec,08,Winter,Sunday,2609
2018,Dec,08,Winter,Thursday,17535
2018,Dec,08,Winter,Tuesday,16440
2018,Dec,08,Winter,Wednesday,17000
2018,Dec,09,Winter,Friday,8648
2018,Dec,09,Winter,Monday,12881
2018,Dec,09,Winter,Saturday,8249
2018,Dec,09,Winter,Sunday,4224
2018,Dec,09,Winter,Thursday,12383
2018,Dec,09,Winter,Tuesday,11017
2018,Dec,09,Winter,Wednesday,12164
2018,Dec,10,Winter,Friday,5159
2018,Dec,10,Winter,Monday,8294
2018,Dec,10,Winter,Saturday,10767
2018,Dec,10,Winter,Sunday,6155
2018,Dec,10,Winter,Thursday,7249
2018,Dec,10,Winter,Tuesday,6281
2018,Dec,10,Winter,Wednesday,6688
2018,Dec,11,Winter,Friday,4728
2018,Dec,11,Winter,Monday,8816
2018,Dec,11,Winter,Saturday,12708
2018,Dec,11,Winter,Sunday,7773
2018,Dec,11,Winter,Thursday,6723
2018,Dec,11,Winter,Tuesday,5995
2018,Dec,11,Winter,Wednesday,6438
2018,Dec,12,Winter,Friday,5760
2018,Dec,12,Winter,Monday,10232
2018,Dec,12,Winter,Saturday,14129
2018,Dec,12,Winter,Sunday,8787
2018,Dec,12,Winter,Thursday,7791
2018,Dec,12,Winter,Tuesday,6766
2018,Dec,12,Winter,Wednesday,7651
2018,Dec,13,Winter,Friday,6688
2018,Dec,13,Winter,Monday,10327
2018,Dec,13,Winter,Saturday,14406
2018,Dec,13,Winter,Sunday,8860
2018,Dec,13,Winter,Thursday,8082
2018,Dec,13,Winter,Tuesday,7085
2018,Dec,13,Winter,Wednesday,7953
2018,Dec,14,Winter,Friday,7521
2018,Dec,14,Winter,Monday,9752
2018,Dec,14,Winter,Saturday,13915
2018,Dec,14,Winter,Sunday,8428
2018,Dec,14,Winter,Thursday,7830
2018,Dec,14,Winter,Tuesday,7345
2018,Dec,14,Winter,Wednesday,8245
2018,Dec,15,Winter,Friday,8205
2018,Dec,15,Winter,Monday,9906
2018,Dec,15,Winter,Saturday,14033
2018,Dec,15,Winter,Sunday,8329
2018,Dec,15,Winter,Thursday,8597
2018,Dec,15,Winter,Tuesday,7749
2018,Dec,15,Winter,Wednesday,9210
2018,Dec,16,Winter,Friday,9700
2018,Dec,16,Winter,Monday,11433
2018,Dec,16,Winter,Saturday,12696
2018,Dec,16,Winter,Sunday,8344
2018,Dec,16,Winter,Thursday,9082
2018,Dec,16,Winter,Tuesday,9447
2018,Dec,16,Winter,Wednesday,11023
2018,Dec,17,Winter,Friday,11333
2018,Dec,17,Winter,Monday,16205
2018,Dec,17,Winter,Saturday,10330
2018,Dec,17,Winter,Sunday,7022
2018,Dec,17,Winter,Thursday,12190
2018,Dec,17,Winter,Tuesday,13868
2018,Dec,17,Winter,Wednesday,15704
2018,Dec,18,Winter,Friday,10096
2018,Dec,18,Winter,Monday,15487
2018,Dec,18,Winter,Saturday,8117
2018,Dec,18,Winter,Sunday,5969
2018,Dec,18,Winter,Thursday,11233
2018,Dec,18,Winter,Tuesday,13276
2018,Dec,18,Winter,Wednesday,14631
2018,Dec,19,Winter,Friday,7137
2018,Dec,19,Winter,Monday,10047
2018,Dec,19,Winter,Saturday,6579
2018,Dec,19,Winter,Sunday,4677
2018,Dec,19,Winter,Thursday,7654
2018,Dec,19,Winter,Tuesday,8961
2018,Dec,19,Winter,Wednesday,9978
2018,Dec,20,Winter,Friday,4540
2018,Dec,20,Winter,Monday,6875
2018,Dec,20,Winter,Saturday,4978
2018,Dec,20,Winter,Sunday,3578
2018,Dec,20,Winter,Thursday,5425
2018,Dec,20,Winter,Tuesday,5999
2018,Dec,20,Winter,Wednesday,6712
2018,Dec,21,Winter,Friday,3498
2018,Dec,21,Winter,Monday,4421
2018,Dec,21,Winter,Saturday,4210
2018,Dec,21,Winter,Sunday,3130
2018,Dec,21,Winter,Thursday,4375
2018,Dec,21,Winter,Tuesday,4336
2018,Dec,21,Winter,Wednesday,4973
2018,Dec,22,Winter,Friday,2872
2018,Dec,22,Winter,Monday,3154
2018,Dec,22,Winter,Saturday,3604
2018,Dec,22,Winter,Sunday,2690
2018,Dec,22,Winter,Thursday,3468
2018,Dec,22,Winter,Tuesday,3093
2018,Dec,22,Winter,Wednesday,3562
2018,Dec,23,Winter,Friday,2363
2018,Dec,23,Winter,Monday,1840
2018,Dec,23,Winter,Saturday,2827
2018,Dec,23,Winter,Sunday,1785
2018,Dec,23,Winter,Thursday,2396
2018,Dec,23,Winter,Tuesday,1902
2018,Dec,23,Winter,Wednesday,2293
